sample_id,glucose_mg_dl,dob,sex,enrollment_site,notes,qc_flags
S-0001,145.9,1962-07-09,Female,Site B,,
S-0002,146.1,1974-12-16,Male,Site C,,
S-0003,84.2,1953-11-24,Female,Site B,,two_digit_year_inferred
S-0004,120.0,1957-02-27,Female,Site B,,
S-0005,138.3,1997-12-02,Male,Site B,,
S-0006,2881.1,1968-12-05,Female,Site C,,extreme_glucose_after_conversion
S-0007,206.0,1969-09-04,Unknown,Site A,,
S-0008,229.3,1999-08-20,Female,Site C,,
S-0009,185.0,1995-07-19,Male,Site C,,
S-0010,215.2,1951-10-01,Female,Site C,re-draw requested,
S-0011,2973.0,1961-07-09,Male,Site A,,extreme_glucose_after_conversion;two_digit_year_inferred
S-0012,110.4,1996-06-07,,Site A,re-draw requested,two_digit_year_inferred;missing_sex
S-0013,2032.5,1952-10-26,Female,Site B,,extreme_glucose_after_conversion
S-0014,144.0,1958-09-12,Female,Site B,,two_digit_year_inferred
S-0015,1855.9,1998-02-11,Male,Site B,,extreme_glucose_after_conversion;two_digit_year_inferred
S-0016,157.4,1958-05-15,,Site B,,missing_sex
S-0017,123.4,2015-07-16,,Site A,,two_digit_year_inferred;missing_sex
S-0018,82.2,1957-03-10,Female,Site B,,
S-0019,190.6,2000-09-16,Male,Site A,,
S-0020,108.4,2000-07-05,Female,Site B,,
S-0021,88.6,2004-11-16,Male,Site C,,
S-0022,233.0,2006-11-25,,Site A,,missing_sex
S-0023,83.5,1999-06-30,Male,Site A,,two_digit_year_inferred
S-0024,114.9,1953-07-31,Female,Site C,,
S-0025,202.6,1965-11-19,Male,Site A,,two_digit_year_inferred
S-0026,3909.9,1953-06-22,Female,Site A,,extreme_glucose_after_conversion;two_digit_year_inferred
S-0027,161.7,1956-03-24,Female,Site C,,
S-0028,179.1,1988-12-26,Female,Site B,,
S-0029,222.6,2009-08-04,Female,Site C,,
S-0030,168.6,1984-01-06,Male,Site B,,
S-0031,85.3,1995-11-11,Male,Site C,,two_digit_year_inferred
S-0032,229.5,1992-08-17,Unknown,Site B,,
S-0033,114.9,2012-06-07,Male,Site B,,two_digit_year_inferred
S-0034,3673.9,1995-04-15,Unknown,Site A,,extreme_glucose_after_conversion;two_digit_year_inferred
S-0035,130.5,1956-12-13,Female,Site A,,
S-0036,145.6,1987-04-21,,Site C,,missing_sex
S-0037,2146.0,2015-11-28,Unknown,Site A,re-draw requested,extreme_glucose_after_conversion
S-0038,171.6,1997-12-02,Unknown,Site B,,
S-0039,4346.0,1980-04-12,Male,Site C,,annotated_glucose_value;extreme_glucose_after_conversion;two_digit_year_inferred
S-0040,105.9,2008-06-21,Male,Site A,,
S-0041,89.5,1965-01-20,Male,Site A,,
S-0042,209.0,2006-04-10,Female,Site C,,annotated_glucose_value
S-0043,148.0,1951-02-19,Unknown,Site A,,two_digit_year_inferred
S-0044,218.6,1998-04-13,Unknown,Site B,,two_digit_year_inferred
S-0045,223.2,1984-01-01,Male,Site B,,
S-0046,143.2,1967-02-21,Female,Site C,,
S-0047,2983.8,1977-06-21,Unknown,Site B,,extreme_glucose_after_conversion
S-0048,1962.2,1978-04-23,Male,Site A,,extreme_glucose_after_conversion
S-0049,166.1,1966-02-05,Male,Site C,re-draw requested,
S-0050,149.3,2001-07-02,Unknown,Site B,,
S-0051,216.0,2011-08-02,Male,Site A,,
S-0052,172.4,1989-09-20,Unknown,Site A,,
S-0053,2585.6,1999-07-10,Male,Site A,,extreme_glucose_after_conversion
S-0054,168.0,2006-01-28,Unknown,Site A,,
S-0055,2884.7,2011-10-14,Unknown,Site A,,extreme_glucose_after_conversion
S-0056,77.2,2010-06-30,Male,Site B,,
S-0057,88.8,1986-08-20,Female,Site C,,
S-0058,142.8,1972-08-23,Female,Site C,,
S-0059,2682.9,1968-04-06,Male,Site A,,extreme_glucose_after_conversion
S-0060,186.6,1970-02-27,Unknown,Site A,,
