"source_row","sample_id_raw","sample_id","patient_name_raw","patient_name","dob_raw","dob","sex_raw","sex","enrollment_site_raw","enrollment_site","glucose_value_raw","glucose_unit_raw","glucose_value","glucose_unit","notes_raw","notes","qc_flags"
2,"S0001","S0001","A. Nguyen","A. Nguyen","07/09/1962","1962-07-09","F","Female","siteB","Site B","145.9","mg/dL",145.9,"mg/dL","","","dob_ambiguous_day_month"
3,"S0002","S0002","T. Patel","T. Patel","12/16/1974","1974-12-16","Male","Male","Site  C","Site C","146.1","MG/DL",146.1,"mg/dL","","",""
4,"s-0003","S0003","R. Martinez","R. Martinez","11.24.53","1953-11-24","F","Female","Site B","Site B","84.2","MG/DL",84.2,"mg/dL","","",""
5,"S0004","S0004","A. Patel","A. Patel","1957-02-27","1957-02-27","F","Female","Site B","Site B","120.0","MG/DL",120,"mg/dL","","",""
6,"S0005","S0005","B. Martinez","B. Martinez","1997-12-02","1997-12-02","Male","Male","Site B","Site B","138.3","mg/dl",138.3,"mg/dL","","",""
7,"s-0006","S0006","R. Kim","R. Kim","05-Dec-1968","1968-12-05","Female","Female","Site  C","Site C","159.9","mmol/L",2881.1,"mg/dL","","","glucose_unit_value_mismatch_suspected;glucose_extreme_after_conversion"
8,"S0007","S0007","T. Martinez","T. Martinez","1969-09-04","1969-09-04","unknown","Unknown","Site A","Site A","206.0","mg/dL",206,"mg/dL","","","sex_unknown"
9,"S0008","S0008","K. Davis","K. Davis","08/20/1999","1999-08-20","F","Female","Site  C","Site C","229.3","MG/DL",229.3,"mg/dL","","",""
10,"s-0009","S0009","S. Davis","S. Davis","07/19/1995","1995-07-19","m","Male","Site C ","Site C","185.0","mg/dl",185,"mg/dL","","",""
11,"S0010","S0010","A. Martinez","A. Martinez","10/01/1951","1951-10-01","f","Female","Site C ","Site C","215.2","mg/dl",215.2,"mg/dL","re-draw requested","Redraw requested","dob_ambiguous_day_month;redraw_requested"
12,"S0011","S0011","B. Davis","B. Davis","07.09.61","1961-07-09","Male","Male","SITE-A","Site A","165.0","mmol/L",2973,"mg/dL","","","dob_ambiguous_day_month;glucose_unit_value_mismatch_suspected;glucose_extreme_after_conversion"
13,"S0012","S0012","T. Johnson","T. Johnson","06.07.96","1996-06-07","","","site_a","Site A","110.4","MG/DL",110.4,"mg/dL","re-draw requested","Redraw requested","dob_ambiguous_day_month;sex_missing;redraw_requested"
14,"S0013","S0013","A. Patel","A. Patel","26-Oct-1952","1952-10-26","F","Female","siteB","Site B","112.8","mmol/L",2032.4,"mg/dL","","","glucose_unit_value_mismatch_suspected;glucose_extreme_after_conversion"
15,"S0014","S0014","K. Kim","K. Kim","09.12.58","1958-09-12","f","Female","Site B","Site B","144.0","mg/dL",144,"mg/dL","","","dob_ambiguous_day_month"
16,"S0015","S0015","B. Patel","B. Patel","02.11.98","1998-02-11","Male","Male","Site B","Site B","103.0","mmol/L",1855.9,"mg/dL","","","dob_ambiguous_day_month;glucose_unit_value_mismatch_suspected;glucose_extreme_after_conversion"
17,"S0016","S0016","A. Davis","A. Davis","1958-05-15","1958-05-15","","","Site B","Site B","157.4","mg/dl",157.4,"mg/dL","","","sex_missing"
18,"S0017","S0017","K. Nguyen","K. Nguyen","07.16.15","2015-07-16","","","site_a","Site A","123.4","mg/dL",123.4,"mg/dL","","","sex_missing"
19,"S0018","S0018","J. Smith","J. Smith","1957-03-10","1957-03-10","F","Female","siteB","Site B","82.2","mg/dl",82.2,"mg/dL","","",""
20,"s-0019","S0019","B. Kim","B. Kim","16-Sep-2000","2000-09-16","m","Male","site_a","Site A","190.6","MG/DL",190.6,"mg/dL","","",""
21,"S0020","S0020","B. Smith","B. Smith","07/05/2000","2000-07-05","F","Female","siteB","Site B","108.4","MG/DL",108.4,"mg/dL","","","dob_ambiguous_day_month"
22,"S0021","S0021","K. Davis","K. Davis","11/16/2004","2004-11-16","m","Male","Site  C","Site C","88.6","mg/dl",88.6,"mg/dL","","",""
23,"S0022","S0022","M. Johnson","M. Johnson","25-Nov-2006","2006-11-25","","","SITE-A","Site A","233.0","mg/dL",233,"mg/dL","","","sex_missing"
24,"S0023","S0023","S. Lee","S. Lee","06.30.99","1999-06-30","M","Male","Site A","Site A","83.5","mg/dl",83.5,"mg/dL","","",""
25,"S0024","S0024","S. Johnson","S. Johnson","31-Jul-1953","1953-07-31","Female","Female","Site  C","Site C","114.9","mg/dL",114.9,"mg/dL","","",""
26,"S0025","S0025","M. Lee","M. Lee","11.19.65","1965-11-19","M","Male","site_a","Site A","202.6","MG/DL",202.6,"mg/dL","","",""
27,"S0026","S0026","J. Garcia","J. Garcia","06.22.53","1953-06-22","Female","Female","site_a","Site A","217.0","mmol/L",3909.9,"mg/dL","","","glucose_unit_value_mismatch_suspected;glucose_extreme_after_conversion"
28,"S0027","S0027","T. Johnson","T. Johnson","24-Mar-1956","1956-03-24","f","Female","Site  C","Site C","161.7","MG/DL",161.7,"mg/dL","","",""
29,"S0028","S0028","S. Smith","S. Smith","26-Dec-1988","1988-12-26","f","Female","Site B","Site B","179.1","mg/dL",179.1,"mg/dL","","",""
30,"s-0029","S0029","M. Johnson","M. Johnson","04-Aug-2009","2009-08-04","f","Female","Site  C","Site C","222.6","MG/DL",222.6,"mg/dL","","",""
31,"S0030","S0030","M. Kim","M. Kim","1984-01-06","1984-01-06","m","Male","Site B","Site B","168.6","mg/dL",168.6,"mg/dL","","",""
32,"S0031","S0031","K. Brown","K. Brown","11.11.95","1995-11-11","Male","Male","Site  C","Site C","85.3","MG/DL",85.3,"mg/dL","","","dob_ambiguous_day_month"
33,"S0032","S0032","J. SMITH","J. Smith","08/17/1992","1992-08-17","unknown","Unknown","Site B","Site B","229.5","mg/dl",229.5,"mg/dL","","","sex_unknown"
34,"S0033","S0033","B. Kim","B. Kim","06.07.12","2012-06-07","M","Male","siteB","Site B","114.9","mg/dL",114.9,"mg/dL","","","dob_ambiguous_day_month"
35,"S0034","S0034","K. Martinez","K. Martinez","04.15.95","1995-04-15","unknown","Unknown","site_a","Site A","203.9","mmol/L",3673.9,"mg/dL","","","sex_unknown;glucose_unit_value_mismatch_suspected;glucose_extreme_after_conversion"
36,"S0035","S0035","K. Patel","K. Patel","13-Dec-1956","1956-12-13","Female","Female","SITE-A","Site A","130.5","mg/dL",130.5,"mg/dL","","",""
37,"s-0036","S0036","T. Johnson","T. Johnson","04/21/1987","1987-04-21","","","Site C ","Site C","145.6","mg/dL",145.6,"mg/dL","","","sex_missing"
38,"S0037","S0037","T. Kim","T. Kim","2015-11-28","2015-11-28","unknown","Unknown","site_a","Site A","119.1","mmol/L",2145.9,"mg/dL","re-draw requested","Redraw requested","sex_unknown;glucose_unit_value_mismatch_suspected;glucose_extreme_after_conversion;redraw_requested"
39,"S0038","S0038","K. Lee","K. Lee","12/02/1997","1997-12-02","U","Unknown","siteB","Site B","171.6","mg/dL",171.6,"mg/dL","","","dob_ambiguous_day_month;sex_unknown"
40,"S0039","S0039","R. Patel","R. Patel","04.12.80","1980-04-12","m","Male","Site C ","Site C","241.2*","mmol/L",4345.9,"mg/dL","","","dob_ambiguous_day_month;glucose_value_annotated;glucose_unit_value_mismatch_suspected;glucose_extreme_after_conversion"
41,"S0040","S0040","R. Patel","R. Patel","06/21/2008","2008-06-21","M","Male","site_a","Site A","105.9","mg/dL",105.9,"mg/dL","","",""
42,"S0041","S0041","K. Nguyen","K. Nguyen","01/20/1965","1965-01-20","Male","Male","SITE-A","Site A","89.5","mg/dL",89.5,"mg/dL","","",""
43,"S0042","S0042","M. Garcia","M. Garcia","2006-04-10","2006-04-10","F","Female","Site  C","Site C","209.0*","mg/dL",209,"mg/dL","","","glucose_value_annotated"
44,"S0043","S0043","B. Davis","B. Davis","02.19.51","1951-02-19","unknown","Unknown","Site A","Site A","148.0","MG/DL",148,"mg/dL","","","sex_unknown"
45,"S0044","S0044","S. Martinez","S. Martinez","04.13.98","1998-04-13","unknown","Unknown","Site B","Site B","218.6","MG/DL",218.6,"mg/dL","","","sex_unknown"
46,"S0045","S0045","K. Martinez","K. Martinez","01-Jan-1984","1984-01-01","M","Male","Site B","Site B","223.2","mg/dl",223.2,"mg/dL","","",""
47,"S0046","S0046","S. DAVIS","S. Davis","02/21/1967","1967-02-21","Female","Female","Site  C","Site C","143.2","mg/dl",143.2,"mg/dL","","",""
48,"s-0047","S0047","M. Kim","M. Kim","21-Jun-1977","1977-06-21","unknown","Unknown","siteB","Site B","165.6","mmol/L",2983.8,"mg/dL","","","sex_unknown;glucose_unit_value_mismatch_suspected;glucose_extreme_after_conversion"
49,"S0048","S0048","M. Garcia","M. Garcia","04/23/1978","1978-04-23","Male","Male","site_a","Site A","108.9","mmol/L",1962.2,"mg/dL","","","glucose_unit_value_mismatch_suspected;glucose_extreme_after_conversion"
50,"S0049","S0049","M. Nguyen","M. Nguyen","05-Feb-1966","1966-02-05","M","Male","Site  C","Site C","166.1","MG/DL",166.1,"mg/dL","re-draw requested","Redraw requested","redraw_requested"
51,"S0050","S0050","K. Garcia","K. Garcia","02-Jul-2001","2001-07-02","unknown","Unknown","Site B","Site B","149.3","mg/dl",149.3,"mg/dL","","","sex_unknown"
52,"s-0051","S0051","K. Garcia","K. Garcia","08/02/2011","2011-08-02","Male","Male","site_a","Site A","216.0","MG/DL",216,"mg/dL","","","dob_ambiguous_day_month"
53,"S0052","S0052","M. Davis","M. Davis","20-Sep-1989","1989-09-20","U","Unknown","SITE-A","Site A","172.4","mg/dL",172.4,"mg/dL","","","sex_unknown"
54,"S0053","S0053","B. Lee","B. Lee","07/10/1999","1999-07-10","Male","Male","Site A","Site A","143.5","mmol/L",2585.6,"mg/dL","","","dob_ambiguous_day_month;glucose_unit_value_mismatch_suspected;glucose_extreme_after_conversion"
55,"S0054","S0054","M. Nguyen","M. Nguyen","2006-01-28","2006-01-28","U","Unknown","Site A","Site A","168.0","mg/dl",168,"mg/dL","","","sex_unknown"
56,"S0055","S0055","S. Brown","S. Brown","14-Oct-2011","2011-10-14","U","Unknown","SITE-A","Site A","160.1","mmol/L",2884.7,"mg/dL","","","sex_unknown;glucose_unit_value_mismatch_suspected;glucose_extreme_after_conversion"
57,"S0056","S0056","A. Garcia","A. Garcia","06/30/2010","2010-06-30","m","Male","siteB","Site B","77.2","mg/dl",77.2,"mg/dL","","",""
58,"S0057","S0057","K. Garcia","K. Garcia","20-Aug-1986","1986-08-20","f","Female","Site  C","Site C","88.8","mg/dl",88.8,"mg/dL","","",""
59,"S0058","S0058","A. Brown","A. Brown","23-Aug-1972","1972-08-23","F","Female","Site C ","Site C","142.8","mg/dL",142.8,"mg/dL","","",""
60,"S0059","S0059","K. Brown","K. Brown","06-Apr-1968","1968-04-06","Male","Male","SITE-A","Site A","148.9","mmol/L",2682.9,"mg/dL","","","glucose_unit_value_mismatch_suspected;glucose_extreme_after_conversion"
61,"S0060","S0060","A. Davis","A. Davis","02/27/1970","1970-02-27","unknown","Unknown","Site A","Site A","186.6","mg/dl",186.6,"mg/dL","","","sex_unknown"
